,confirmed,estimated_population_2019,estimated_population,city_ibge_code,confirmed_per_100k_inhabitants,death_rate,longitude,latitude
0,-0.15248199765260986,-0.12813573180727145,-0.12798627380933844,-1.6957831790546338,-0.856767852874768,-0.8950307120794945,1.2047706757223635,-0.8177966184976735
1,-0.1319369482771637,-0.16123927277907016,-0.1614095450072799,-1.680751103747398,0.17308183108650516,-0.6824890223911464,-0.23357542651823976,0.4888511100066572
2,-0.13813588558872072,-0.11848549646999132,-0.11843919025558855,-1.6362561608379795,-0.575565901431306,0.46800838483491186,1.345489308474891,-0.16028765020255148
3,-0.10519296159016053,-0.16505171143083516,-0.1650214966892492,-1.6284394816782168,1.2378247155416469,-0.6362843072415055,1.4105342026329293,-0.29057058624081855
4,-0.0919095244939669,-0.005252664549489121,-0.005264704220549857,-1.6212240855307436,-0.4902528742172068,0.0013407618235387908,0.1814037306241267,0.780309090276558
5,0.45873322126691307,0.44100689549193095,0.4401415064771316,-1.5914605764224166,1.2193751281680456,-0.30361035816409115,-0.04716184717144593,0.8975890806349689
6,-0.13742743561025708,-0.15647372446436392,-0.15608488384231103,-1.5737227275598782,-0.11474244492454465,0.08450924909289237,-1.2424980445618259,-0.9281625581047056
7,0.036674146597187436,0.05081060740994786,0.050101597383346054,-1.5586906522526423,0.6192376137168931,-0.08182772544581479,-0.39427992060423556,0.2481644821341663
8,-0.11015211143940616,-0.13317359716853233,-0.1333957225724756,-1.5289271431443152,0.31182175034029824,-0.26664658604437835,-0.30043721716114186,0.3318557766426659
9,-0.11280879885864488,-0.19485340821315883,-0.19466324100888474,-1.469400124927661,2.3935571113705945,0.0013407618235387908,-1.6166878756190468,-0.27482251432660143
10,-0.13335384823409102,-0.08054832792184771,-0.07989474812828214,-1.4991636340359882,-0.7336087380513588,-0.17885762726006071,-0.581511103369212,-1.338831285495103
11,-0.0929721994616624,-0.14939348125394322,-0.14960711134225338,-1.4396366158193339,1.1678672870034457,-0.07258678241588667,0.5696745094390269,0.3197966366426012
12,-0.16629677223265124,-0.20528655505928356,-0.20515994566211954,-1.4249051820182428,-0.4270361512117954,-0.6824890223911464,0.7965140355739884,-0.29222089788662275
13,-0.15938938494263055,-0.1682514367278522,-0.16837908557671366,-1.4104743897232963,-0.7227877166605076,-0.47918827573272654,-0.12038277551136779,0.028279331444256255
14,-0.13335384823409102,-0.11516663246510661,-0.1150816013681241,-1.395742955922205,-0.4923130459402077,-0.17885762726006071,1.2449240880378059,0.45204808167014465
15,-0.13158272328793189,-0.056567408009629526,-0.05635771087676376,-1.380710880614969,-0.8173139251940252,1.5214758902467242,-1.405382814429657,-1.8505681182527693
16,0.14967191816214126,-0.05151252283295898,-0.05050736660315148,-1.365979446813878,3.527057771930034,-0.6917299654210747,-2.5524804101469574,-0.6179740799724504
17,-0.16523409726495575,-0.18145881348575235,-0.18140246065536358,-1.3581627676541153,-0.8111144783180996,0.18615962242210235,0.26770631365504666,0.10070967589902816
18,0.5205454818878674,0.5523505279019603,0.5517219856666064,-1.350947371506642,1.0570147545949933,-0.23892375695459384,0.10636590579934758,1.3259150640004165
19,-0.17320415952267193,-0.19172176217778042,-0.19157697243555885,-1.3181774473368677,-1.0923816664456782,-0.3636764878586243,-2.7806826086455647,-1.7400619560875974
20,-0.08287678726855524,-0.12902076220857403,-0.12925808778186285,-1.2884139382285407,0.9474640788659264,-0.4283630890681215,-0.09576382814149059,0.4780809389064201
21,-0.034702188733026336,0.2083970782880374,0.20782348749600635,-1.2586504291202136,-0.6454874220186055,0.4911107424097323,0.30031960555831516,1.4458484966128673
22,-0.1434492604271982,-0.18036954529953378,-0.18007977412393822,-1.2439189953191223,0.152702429764268,0.06602736303303597,0.49218387435968725,-0.6929715758762517
23,-0.10997499894479024,-0.18801144241847342,-0.18759195532164905,-1.239108731220807,2.066942121077973,-0.37753790240351665,1.308606309832198,-0.35774797794064184
24,-0.04568316339921307,-0.07055769627637427,-0.0708224751242747,-1.2288869200118864,0.7373137771535916,0.5049721569546244,0.041321011641309205,0.6722190706516485
25,-0.05453878813000882,-0.15507809960077137,-0.15503351762502418,-1.1991234109035593,2.5967415852801135,-0.6501457217863978,-1.3994779008538611,-0.5016702543457084
26,-0.15602424754492816,-0.14309614955236713,-0.14311238132256207,-1.188901599694639,-0.8465314956384384,-0.5623567630020802,1.4629516662211806,-0.7769271359750928
27,-0.10324472414938547,-0.1332927358764,-0.1328530819441985,-1.1795817130041526,0.486371044613843,-0.6501457217863978,0.24853805573976062,1.2345762468979589
28,-0.14220947296488679,-0.1721149348258462,-0.17202495229795028,-1.1693599017952323,0.012734511891239095,-0.5623567630020802,0.992466321466299,-0.12838701822563617
29,0.27754713927483193,0.17983782803061932,0.18208197269211232,-1.1395963926869053,1.6442932121581288,-0.6593866648163259,-1.7712149216565152,-1.2771333599133765
30,-0.164702759781108,-0.15288254341292457,-0.15259163479777732,-1.1347861285885896,-1.045674056541796,2.7643827277720643,0.6985833150399496,1.8913193842986218
31,-0.14043834801872762,-0.15220175079653797,-0.15201507913023293,-1.1317797135271426,-0.27548748087940955,-0.20658045634984523,-0.43352488467724276,-1.3252728427580005
32,-0.10395317412784913,-0.13965814683961475,-0.13944955708169177,-1.126969449428827,0.5955871371012081,-0.43760403209804977,0.2617105552550048,1.1980266978011613
33,-0.10554718657939237,-0.10694606162223835,-0.10687416186543326,-1.1224598268366563,0.04462682812667347,-0.31747177270898336,0.5663132509420378,1.3857685236250672
34,-0.17302704702805602,-0.1827523194568869,-0.1831660426972641,-1.1140418646646042,-1.1556520442717617,1.1888019411693096,-0.37574757645864637,-0.8089518109842087
35,0.014889309759429885,0.08796486444924687,0.08745901313629634,-1.1104341665908675,0.16767380084284328,-0.25278517149948615,0.49036697787482353,1.8987188208281784
36,-0.09137818701011916,-0.10839274593205989,-0.10828163599502694,-1.1026174874311048,0.3724630451643959,-0.6270433642115774,1.1955045036495722,0.7536128724767724
37,-0.10731831152555152,-0.06853233824262413,-0.06816014454179027,-1.092696317728329,-0.34909865500209625,-0.08182772544581479,0.09301171663561768,1.2004590198673644
38,-0.17710063440422205,-0.1881305811263411,-0.18782936059652028,-1.0878860536300137,-1.3244535618671454,0.1260934927275691,0.017247133216889185,-0.050417882724323265
39,-0.10111937421399449,-0.1186386748086783,-0.11828657257888561,-1.0854809215808559,0.29767029620447655,0.23236433757174313,0.9706635636479602,2.034346393601715
40,-0.13689609812640932,-0.15039765036311348,-0.1503871572454017,-1.0830757895316983,-0.18719316256760257,-0.8072417532951769,1.6103928159676926,-0.33880714624107733
41,-0.15744114750185548,-0.15317188027488887,-0.15311731790642075,-1.0776642424210932,-0.8081016333052067,-0.8442055254148896,0.4830993919353816,-0.5156493647572321
42,-0.17090169709266503,-0.1628391354275787,-0.16246091122456674,-1.0752591103719356,-1.1982269646622885,-0.506911104822511,0.5222535111841426,-0.905608298945372
43,-0.10731831152555152,-0.14755534118969937,-0.14726697363280847,-1.07044884627362,0.666702469421107,-0.7286937375407874,1.2516466050317907,-0.22925557610632075
44,-0.1200704111378974,-0.12481686780238675,-0.12444215220590375,-1.0581225445216866,-0.0756627299167865,-0.5115315763374751,-0.20959239291806583,1.5633603935097415
45,0.640273528248226,0.5483849109115083,0.5467703899335781,-1.0479007333127661,1.5367412924874913,-0.017141124236317615,0.22273812565472945,1.0147180620846141
46,-0.15814959748031915,-0.18147583330116202,-0.18153812081243287,-1.0349731485485432,-0.48376376837223145,0.45876744180498374,-1.1937143739432956,-0.5312410345873698
47,-0.03753598864688098,0.11189472491523607,0.11206437412473523,-1.018137224204439,-0.40335309639081146,0.46800838483491186,-0.4927557100837315,-0.7593130254025474
48,-0.17391260950113557,-0.17892286098971225,-0.17865534247471088,-0.9736422812950207,-1.2265087995294996,1.4105845738875857,0.5407858553297383,-0.9671929678455231
49,-0.055247238108472485,-0.05438887163719239,-0.05433976604035836,-0.9883737150961119,0.38323708085860453,0.24622575211663547,0.4226875838137389,1.2114071657529328
50,-0.1365418731371775,-0.06291579915743463,-0.06249633298414824,-0.9586102059877849,-0.8718893065370076,0.41256272665534277,-0.8355132319528443,-1.3893599450034246
51,-0.15124221019029846,-0.14883182734542427,-0.14853878760533287,-0.9483883947788645,-0.6557987932537706,0.6204839448287267,0.5148950804204546,1.7408821521153457
52,-0.10058803673014674,-0.16246469948856604,-0.1621895909104282,-0.9438787721866937,1.3072280994567413,-0.8626874114747459,1.2940711379533076,-0.5561251454819575
53,-0.040015563571503786,0.08685857644761863,0.08589892132999974,-0.9288466968794578,-0.3287439971896196,-0.017141124236317615,0.7807070361556915,0.7466826421994543
54,-0.15956649743724646,-0.1563886253873156,-0.15598313872450909,-0.9141152630783665,-0.8527493026738255,-0.816482696325105,0.4667473235716275,1.771197190550213
55,-0.032931063786867186,0.22422550661902602,0.2237635559516456,-0.8990831877711307,-0.6677981881738824,0.2554666951465636,0.7764373294162672,1.742208873242365
56,-0.12272709855713612,-0.1654601870006671,-0.16534368956228873,-0.8966780557219729,0.6001433079630949,0.052165948488143786,0.4093333946500025,1.157421480868922
57,-0.1388443355671844,-0.1439811799536697,-0.14382459714717574,-0.891266508611368,-0.336111076997849,-0.058725367870994326,0.8803638083503478,1.6625624602186821
58,-0.14539749786797326,-0.18028444622248546,-0.18004585908467088,-0.8888613765622102,0.06420916477179008,-0.08182772544581479,0.18285724781201898,0.8688110971643316
59,-0.12254998606252021,-0.13834762105307055,-0.13792338031466247,-0.8843517539700395,0.047181927841819016,-0.35443554482869616,-1.257941664683145,-0.798467478175566
60,-0.13583342315871383,-0.11840039739294299,-0.11850702033412318,-0.8765350748102768,-0.5205193113158261,-0.4699473327027983,0.21229097086677115,-0.2822381303820974
61,-0.14061546051334356,-0.16695793075671764,-0.16690378136858533,-0.8693196786628036,-0.03148211436327762,-0.012520652721353553,0.7404627790160095,-0.6327244144537462
62,-0.16629677223265124,-0.16901732842128714,-0.1689725987638917,-0.8545882448617124,-0.983168800953812,0.26932810969145593,-0.10348563820215655,-1.1383831386335619
63,0.04234174642489672,0.20477185760577876,0.20449981364780923,-0.8395561695544764,-0.11517629440090105,-0.5808386490619364,-2.50187984304357,-2.0117161966078383
64,-0.17550662195267883,-0.10754175516157663,-0.10728114233664107,-0.8073875283969917,-1.4743679725072434,0.8930917642116081,-2.525499497346772,-2.125512195713995
65,-0.11103767391248573,-0.07130656815439954,-0.0713142431936508,-0.7776240192886645,-0.3905297869066574,-0.25278517149948615,-1.6476659606859374,-1.1431075602078273
66,-0.08305389976317115,-0.054882446284072677,-0.05466195891339788,-0.7478605101803374,-0.05458753377913868,-0.2620261145294143,-1.717798165001589,-1.7956116618124034
67,-0.1400841230294958,-0.1643879386298582,-0.16417362070756628,-0.7406451140328641,-0.06447868598161868,-0.96895825631892,-1.8140936786992496,-1.2450493599758161
68,-0.14079257300795947,-0.15776723043549848,-0.15740757037373643,-0.7283188122809308,-0.20613180512263607,-0.7748984526904281,1.375013876353889,-0.6084119801423452
69,-0.13795877309410481,-0.1730850643041971,-0.1728049982010986,-0.7331290763792463,0.20269153767541687,-0.9781991993488481,-0.3891017656223827,0.5905178578336787
70,0.26213835224324733,-0.013541314653996045,-0.013726506517745587,-0.7180970010720104,4.189256472068266,-0.8626874114747459,-0.24375004683345977,0.7250775818952241
71,-0.1484084102764438,-0.12937817833217702,-0.12922417274259554,-0.7033655672709191,-0.7434836814247097,0.2416052806016714,-0.02317881357127845,-1.421751355933831
72,-0.14150102298642311,-0.13119929858101118,-0.13103862734339702,-0.6883334919636832,-0.548590967631468,0.5973815872539062,0.6992192288096529,-0.13490197400384651
73,-0.15478446008261676,-0.08606274811457922,-0.08621990295163687,-0.673602058162592,-1.1041450764830574,-0.017141124236317615,0.3993404639832618,-1.2414952574444915
74,-0.1544302350933849,-0.17458280806024765,-0.17458553776263275,-0.6835232278653678,-0.43852459554519924,-0.31285130119401927,1.0365260612241876,1.3233155534995082
75,-0.06941623767774568,-0.00018075955740890786,-0.0012627295870063858,-0.6585699828553562,-0.22921187094998577,0.3478761254458453,0.24871974538824634,0.27166254697329106
76,-0.13707321062102526,-0.16505171143083516,-0.1648180064536453,-0.628806473747029,0.058448849369827534,0.7822004478524699,-1.1457483067429477,-0.7513257327638637
77,0.2029827790415317,0.4276123007645245,0.42730466411445195,-0.599042964638702,0.11027550484588913,0.17691867939217407,0.16069111069670877,1.5179390710229144
78,-0.154253122598769,-0.15837994379024642,-0.15822153131615205,-0.5843115308376108,-0.6519123218914589,-0.31747177270898336,-0.34694976717359743,-1.4994292599682366
79,-0.16169184737263745,-0.1727446679960038,-0.1727541256421976,-0.5692794555303748,-0.7628424498951448,-0.031002538781209798,-0.4621410043138124,-0.5850217788094829
80,-0.16611965973803533,-0.2051674163514159,-0.2050073279854166,-0.5515416066678365,-0.41878577370047476,0.7267547896729009,0.5641329751602026,-0.41184152633091425
81,1.0074277295870178,0.7713785324089409,0.769456537762785,-0.5365095313606005,1.94892156471395,-0.35905601634366024,-0.5585273628357127,-0.03701584207129973
82,-0.17249570954420826,-0.15768213135845013,-0.15774672076640958,-0.507347305264563,-1.2756562427958955,-0.4145016745232293,0.13643554262380947,0.16710505717845411
83,-0.1577953724910873,-0.1747019467681153,-0.17511122087127617,-0.4775837961562358,-0.5709756303781834,0.43566508423016326,-0.253288753378983,0.0415950812922703
84,-0.11280879885864488,-0.1945130119049655,-0.194154515419875,-0.46285236235514465,2.3556677563340815,-0.6963504369360387,1.4728537520636753,-0.33859141922855385
85,-0.13742743561025708,-0.09009644436666986,-0.08949270424093302,-0.4478202870479087,-0.7571880826956291,-0.8026212817802129,1.1632545910432817,-0.15733219013098004
86,-0.08163699980624382,-0.05084875003198204,-0.05071085683875538,-0.4180567779395816,-0.0643983065007162,-0.5947000636068287,1.6303786773011677,-0.2041557381992096
87,-0.14043834801872762,-0.15608226870994163,-0.15583052104780615,-0.4033253441384904,-0.2189289679159026,-0.7795189242053924,0.9705727188237205,-0.24354209751069122
88,-0.11635104875096318,-0.06676227744001895,-0.06707486328523611,-0.38829326883125453,-0.5100026967450926,-0.6686276078462542,-2.664492078438675,-1.6863513231445546
89,0.0001889727063089336,-0.07001306218326499,-0.07041549465306689,-0.35852975972292744,1.5241185544200504,-0.4468449751279779,-1.0448197070088914,-0.0429645144416357
90,-0.16789078468419447,-0.17105970627044695,-0.17095662856102978,-0.34379832592183623,-1.0294040172480439,-0.10955055453559932,-1.1673693749128007,-1.4471424253078489
91,-0.11068344892325391,-0.18271827982606756,-0.18264035958862068,-0.32876625061460035,1.7541828669068444,-0.25740564301445024,-0.13673484387512186,0.3853884348003773
92,-0.062154625398493174,-0.08827532411783569,-0.08805131507207202,-0.311028401752062,0.6778104975439116,-0.4145016745232293,0.5366069934145473,2.0739161208738417
93,-0.06392575034465232,0.011835230121814684,0.011353665020435746,-0.29599632644482604,-0.2331395033623389,-0.4745678042177624,0.6406243171728739,0.020594056623106066
94,-0.11192323638556531,-0.08172269518511462,-0.08159050009164802,-0.26623281733649895,-0.32939295080072345,-0.4699473327027983,0.609737076930223,-0.06527068753656812
95,-0.09368064944012605,-0.10320170223211202,-0.10316046506566198,-0.23646930822817186,0.25250106730076527,-1.0659881581331658,0.6684228333912546,-0.5569988398826777
96,-0.09757712432167619,-0.05246563249590023,-0.05254226895919053,-0.20760772363827892,-0.29977364349883734,-0.4930496902776188,0.8544730334410705,-0.3991891370464103
97,-0.16434853479187617,-0.06116275817023912,-0.061411051727594076,-0.17784421452995183,-1.3335184747844482,3.5498628853159593,-0.5592541214296621,-0.48360851022217605
98,-0.14079257300795947,-0.15099334390245175,-0.15126894826635193,-0.16311278072886062,-0.29723791217856294,-0.7748984526904281,1.0917597143639775,-0.6619823905272487
99,-0.059143712990022614,0.07644244941690356,0.0766570731296557,-0.14808070542162471,-0.4721365728652265,0.223123394541815,1.1557144706311078,-0.35546666478320577
100,-0.1554929100610804,-0.17204685556420754,-0.17188929214088103,-0.13334927162053353,-0.5238245991834368,-0.2805080005892707,-0.20050791049376016,0.3258477793438858
101,-0.15496157257723267,-0.16590270220131842,-0.16575067003349653,-0.12553259246077086,-0.5875402670679265,0.5650382866491576,0.5380605106024395,1.0424659490704518
102,-0.1505337602118348,-0.17293188596551012,-0.1730084884367025,-0.11831719631329762,-0.3049675521556346,-0.4145016745232293,-0.9938557606085322,-0.2093062206232086
103,0.013826634791734394,-0.004401673779005863,-0.0046372759941044825,-0.08554727214352335,0.8401923715765222,-0.4930496902776188,0.2023888850242765,1.7266495624641063
104,-0.10235916167630589,-0.15606524889453197,-0.1557287759300042,-0.07081583834243216,1.042495920668197,-0.7564165666305719,-0.014730244916669598,1.7381046668291054
105,0.40241144797905204,0.4186088184128116,0.4186224140620186,-0.055783763035196256,1.0522985151235718,-0.46070638967287014,-0.15017987786309142,1.0525997254837443
106,-0.15992072242647828,-0.19750849941706658,-0.19746123174843846,-0.10057934745075926,-0.22682554149392717,-0.8118622248101409,-0.015547848334858594,-0.9730229903589718
107,-0.14415771040566186,-0.1554695553551937,-0.15540658305696467,-0.05337863098603851,-0.3483772240353841,-0.9504763702590636,0.6465292307486697,0.8243982984610521
108,-0.1517735476741462,-0.16763872337310426,-0.1674125069575951,-0.048568366887723015,-0.44479547943191544,-0.1280324405954557,-0.658093290206123,-1.357319090468369
109,-0.15992072242647828,-0.15293360285915358,-0.15277816751374756,-0.05097349893688076,-0.8907841069064362,2.3161969908205475,-1.6613835291466452,-1.9519598141388237
110,-0.12644646094407033,-0.10332084093997967,-0.10297393234969174,-0.04105232923410506,-0.44251417021641426,0.5650382866491576,-0.2013255139119427,1.179916415099812
111,-0.12343554853559979,-0.1336841916308223,-0.13349746769027754,-0.03624206513578957,-0.04179294937132962,-0.6131819496666852,0.7380099687614491,1.250211062130601
112,-0.04072401354996745,-0.16947686343734808,-0.16946436683326782,-0.038647197184947316,3.910484457867789,-0.9273740126842431,0.7949696735618564,-0.9565036943749831
113,-0.08872149959088044,-0.17953557434446019,-0.17931668574042356,-0.033836933086631826,2.5676169362513446,-0.8996511835944586,-0.21295365141506145,0.69277785494514
114,-0.16789078468419447,-0.1605925197935029,-0.16027339119182477,-0.028425385976026903,-1.1043749894767483,3.568344771375816,0.7667169332222583,0.10545027699923265
115,-0.14539749786797326,-0.200282729328842,-0.1999539871345863,-0.04616323483856527,0.7675342496347408,-0.08182772544581479,-0.19351285902704357,0.47052510029278394
116,-0.08624192466625762,-0.1585841815751624,-0.15883200202296374,-0.026020253926869154,1.6887787386494602,-0.4006402599783369,-1.3873046944052851,-0.29987920683120806
117,0.19271025435380862,0.1850629113613865,0.1840660024892504,0.03350676428978504,1.0261312902695872,-0.30823082967905524,0.0340534257018608,1.7446304089579416
118,-0.00831242703525499,0.2671835207130208,0.2677344043617228,0.0037432551814579407,-0.6046661922632092,0.6620681884634034,0.6769622468701031,2.0595487018397756
119,-0.11528837378326769,-0.10726943811502199,-0.10695894946360156,0.048238198090876226,-0.1660605901289023,-0.918133069654315,-0.08068358731714306,1.7349550524462618
120,-0.1211330861055929,-0.15766511154304047,-0.15767889068787497,0.06327027339811213,0.464250134965849,0.024443119398359258,-1.3319801964412559,-0.7060500260104903
121,-0.04391203845305392,-0.10417183171046293,-0.10355048801723614,0.07800170719920332,1.3137739875787224,0.07064783454800003,1.5889534374463252,-0.3982884767691242
122,-0.15159643517953028,-0.1712809638707726,-0.1713127364733366,0.09243249949414979,-0.37687366534152,0.1260934927275691,-1.347514661386821,-0.22244938886120366
123,-0.15602424754492816,-0.13907947311568614,-0.13905953413011762,0.10716393329524099,-0.876232964493368,-1.1583975884324476,1.180060883528247,-0.41608595530231474
124,-0.100056699246299,-0.06257540284924132,-0.06259807810195019,0.1221960086024769,-0.26783796992985837,-0.3729174308885524,-0.12846796486899875,1.611623919386566
125,0.1255846188943768,0.3258848640609559,0.32530518351799437,0.15496593277225118,0.008128481540698562,-0.4422245036130138,-0.4424276774530627,1.3669625213083296
126,-0.16789078468419447,-0.22749741416889657,-0.2273573388625789,0.18472944188057827,0.6270886754200999,-1.1583975884324476,-0.30370763083389135,0.5514065504631648
127,-0.15868093496416688,-0.13615206486522374,-0.13636328850836588,0.19946087568166945,-0.9676899792139946,-0.1696166842301326,0.9011672731020118,1.0895483695537098
128,0.015243534748661714,-0.06890677418163675,-0.06927934083761175,0.21449295098890536,1.7623587538026797,-0.1280324405954557,-0.18006782503906757,0.6154612936567105
129,-0.11422569881557221,-0.11681755455984413,-0.11670952325295535,0.24425646009723245,-0.031548333595277436,-0.9227535411692791,1.2566430703651579,-0.1561672642633526
130,-0.055247238108472485,-0.06807280322656316,-0.06841450733629514,0.27401996920555954,0.5420599962789765,-0.5207725193674033,-2.6294259762808463,-1.6451636432785002
131,-0.17107880958728094,-0.1715703007327369,-0.1716010143071088,0.28875140300665075,-1.1518021808454455,0.1630572648472819,-1.3607780057263112,-1.626433145416147
132,-0.06675955025850697,-0.13303743864525502,-0.13292091202273315,0.29356166710496623,1.4587797110108949,-0.8765488260196381,0.0970997337265562,1.6016735109339186
133,-0.14557461036258917,-0.09281961483221629,-0.09225677994121939,0.3013783462647289,-0.9018112385868705,0.5696587581641218,0.2864203474491281,1.8251505163823454
134,-0.13229117326639553,-0.12379567887780685,-0.12425561948993351,0.30378347831388663,-0.38061282195113205,-0.19733951331991711,-0.24347751236073442,-0.1440218334582784
135,-0.12095597361097697,-0.10284428610850906,-0.10254999435885027,0.30859374241220217,-0.33030129705295064,0.019822647883395036,-0.3688433698161758,0.7291062838541006
136,-0.12662357343868627,-0.16581760312427007,-0.165479349719358,0.31851491211497784,0.45939049166761503,0.4264241412002348,0.21465293629709203,1.1180027625055622
137,-0.06817645021543428,-0.1007678686285299,-0.10049813448317756,0.3335469874222137,0.7483603061273638,-0.4468449751279779,-0.18996991088156223,1.470959120870605
138,-0.1636400848134125,-0.17425943156746398,-0.17409376969325666,0.6810885685255079,-0.8274735473672535,0.4911107424097323,0.32902657001912444,-0.751746400438285
139,-0.14220947296488679,-0.13696901600488767,-0.13724507952931614,0.36331049653054087,-0.5068068634272762,0.8237846914871466,0.4389488073532469,0.13708125021049372
140,-0.14787707279259607,-0.1977978362790309,-0.19749514678770577,0.378041930331632,0.5012071034364077,-0.4699473327027983,0.4331347386016907,0.7635093491762889
141,0.4371254969237714,0.3815226406351513,0.3804510373666527,0.3954791376880257,1.385903948291138,-0.4838087472476906,0.2552605727337454,-0.17040524708990473
142,-0.15637847253415998,-0.20685237807697274,-0.20656741979171322,0.42524264679635276,0.34260108064480616,-0.25278517149948615,-0.13637146457814395,0.4648568730387289
143,-0.09934824926783534,-0.13181201193575912,-0.1318695458054463,0.4550061559046799,0.5711396985585068,-0.6732480793612182,1.3713800833841616,-0.3493831630300429
144,-0.17355838451190375,-0.17842928634283195,-0.17845185223910695,0.484769665013007,-1.212170157178195,-0.33133318725387567,0.14706438706024705,-0.577374256215524
145,-0.16983902212496954,-0.19102394974598416,-0.1906951814146086,0.49950109881409815,-0.9216449019898351,3.041611018669909,-0.37747362811927043,-0.6212369510368687
146,-0.1448661603841255,-0.16287317505839802,-0.16302050937247747,0.514533174121334,-0.25801158882507974,-0.31285130119401927,-1.6691053392073048,-1.0935065268533573
147,-0.13229117326639553,-0.0012530079282178119,-0.0010592393514024805,0.5442966832296612,-1.0118172706737334,0.27856905272138405,-0.5875068617692603,0.3949559278057953
148,-0.16310874732956476,-0.18156093237821033,-0.18165682344986847,0.5590281170307524,-0.7100563653097602,0.04754547697317972,0.6443489549668346,-0.21564320161608708
149,-0.1461059478464369,-0.06504327608364277,-0.06495517333102875,0.5740601923379882,-1.0217530388985498,0.37559895453562997,-2.0174043953552547,-1.8948460875732218
150,1.9907562996945782,2.3566551991113815,2.3542554501656334,0.6038237014463154,0.9202430200323275,-0.05410489635603026,0.5758519574875609,2.047969554442575
151,-0.14415771040566186,-0.17529764030745357,-0.17511122087127617,0.6185551352474066,0.0009476651970029017,0.29705093878124045,-0.031173158104669762,0.45455051501541754
152,-0.14451193539489368,-0.13991344407075973,-0.13978870747436495,0.6263718144071693,-0.5452469558178781,-0.31747177270898336,1.0615083878910363,-0.5226658858395598
153,-0.1294573733525409,-0.17985895083724382,-0.17948626093676015,0.6311820785054847,0.7612189231164915,-0.5531158199721519,0.0167929090956781,0.7779468794894254
154,-0.01769938924989849,0.1005935674832184,0.10012628030263945,0.6335872105546425,-0.18575716241465612,-0.66400713633129,1.1502637811765233,-0.7718575511807904
155,-0.14327214793258228,-0.1861222429080006,-0.18620143871168904,0.6483186443557336,0.3386260097931586,0.46800838483491186,-0.7441233387643176,-0.6781403437652599
156,0.29065346387640967,0.41067758443190766,0.40916011810643704,0.6633507196629695,0.568666445724207,-0.10493008302063525,0.8730962224108995,1.228206906853202
157,-0.17249570954420826,-0.20554185229042854,-0.20527864829955514,0.67357253087189,-0.8654334435620752,0.3340147109009533,0.11317926761757845,-0.7361061920303299
158,0.9305609069237107,1.0826198968054874,1.0815766441399086,0.6955193608204544,0.927132427444241,-0.28974894361919884,0.8560173954532024,-0.20171802295769417
159,-0.053830338151545164,-0.042304802696330135,-0.04257124741459917,0.7252828699287815,0.2882716573666635,0.23236433757174313,0.9066179625565965,0.2506723086547526
160,-0.059143712990022614,0.06488599475374093,0.06460027667012432,0.7550463790371086,-0.4268459029697358,-0.1696166842301326,1.636101901228484,-0.06840412239347145
161,0.1291268687866951,0.24131340129032983,0.2412128436546805,0.7848098881454357,0.3147988640040325,0.22774386605677907,0.6363546104334498,1.4938207910227852
162,1.2431644599208007,0.8361729696735362,0.8332507266246093,0.8145733972537628,2.406790734135083,-0.3913993169484088,0.5793040608087963,1.3114128155835234
163,-0.0906697370316555,-0.03479906410066781,-0.0346181707064132,0.8443369063620899,-0.31347771404285507,-0.10030961150567119,-0.263917597815427,1.5181979434379427
164,-0.154253122598769,-0.2025804044091468,-0.2022941248440312,0.8590683401631811,0.29983930276569865,-0.31747177270898336,-1.6119639447584115,-0.14078592827042596
165,-0.1588580474587828,-0.19507466581348445,-0.19500239140155792,0.874100415470417,-0.2310827127599944,0.17229820787721,0.18594597183628278,0.5557858088173921
166,-0.08305389976317115,-0.09566192400563037,-0.09551262371088187,0.8888318492715082,0.3711048396850121,-0.9135125981393509,0.9072538763262934,-1.0071510037401918
167,-0.1353020856748661,-0.09930416450329871,-0.09926023554992047,0.9038639245787441,-0.655050107821597,1.3874822163127656,-1.9729812763003882,-1.4972450239664363
168,-0.022481426604528197,0.057278137265620616,0.0564606672459681,0.9366338487485184,-0.024554955920446247,-0.3960197884633729,-0.24974580523350165,0.254576967581428
169,-0.16434853479187617,-0.17531466012286323,-0.1753486261461474,0.9513652825496095,-0.8431896287332994,0.1260934927275691,-2.3083803674058196,-1.8451210111865506
170,-0.17798619687730163,-0.17250639058026848,-0.17231323013172248,0.956175546647925,-1.4261844633001046,3.3142188380527906,-0.275727424967025,-0.5323574218771789
171,-0.07862608739777327,-0.12376163924698752,-0.12333991342971594,0.9663973578568454,0.9291367865943561,-0.5346339339122956,-2.5758275299774342,-0.46021291571400086
172,-0.129280260857925,-0.13923265145437314,-0.13933085444425616,0.9955595839528831,-0.12061840557015338,-0.40526073149330116,-0.661000324581901,-0.5809013928702831
173,-0.04904830079691545,-0.14250045601302883,-0.1424849530961167,1.0253230930612103,2.2532650490243857,-0.30823082967905524,0.5890244570028051,-0.2563454957039617
174,-0.1436263729218141,-0.18030146603789513,-0.18002890156503723,1.0400545268623014,0.1434013039874358,-0.7471756236006437,0.4166918254136906,0.48397028634831246
175,-0.17249570954420826,-0.1422791984127032,-0.1423662504586811,1.0550866021695373,-1.329652444271233,1.0779106248101715,-3.181671662854498,-1.29926695139829
176,-0.1505337602118348,-0.14896798586870158,-0.14867444776240216,1.0848501112778643,-0.6326136461779882,0.08450924909289237,-1.5628168948429098,-1.2110993213799277
177,-0.16523409726495575,-0.15923093456072968,-0.1593068125727062,1.1073982242387184,-1.0186174299862705,-0.2620261145294143,0.1161771468176026,-0.049954069647398014
178,-0.1590351599533987,-0.16983427956095107,-0.16970177210813903,1.0995815450789557,-0.6934074157366416,-0.15575526968524026,0.8098682247377182,-0.13147191450472306
179,-0.17798619687730163,-0.13952198831633744,-0.13919519428718688,1.1146136203861916,-1.4934341247321574,4.802010665871228,1.0756801804729552,-0.15293675225081305
180,-0.16045205991032604,-0.21192428306905295,-0.21168859072107818,1.1293450541872827,0.27918340090978655,-0.4468449751279779,-0.2752732008458075,0.3541781292635375
181,-0.14628306034105282,-0.1840628452434311,-0.18392913108077874,1.1443771294945186,0.12509344432955194,-0.058725367870994326,0.4569360825533725,-0.38697898813757864
182,-0.17958020932884486,-0.18966236451321095,-0.18989817799182665,1.481997540895037,-1.4432777332275097,5.14392555797857,-2.202455302338396,-2.2186523333710246
183,-0.1257380109656067,-0.1756210168002372,-0.17545037126394936,1.4844026729441948,0.7846699200353341,-0.5900795920918647,-1.4995888971697287,-0.4664258536746782
184,-0.11741372371865867,-0.07780813764089163,-0.07785984577224309,1.491918710597813,-0.45719962307196543,-0.04486395332610214,0.6160962146272428,0.9635098624868438
185,-0.025315226518382836,-0.032365230497085694,-0.03227803299696829,1.5367142950133759,0.6016494671723966,-0.07258678241588667,0.45584594466245815,-0.6200828115198674
186,-0.06817645021543428,0.0003468547202907116,-7.873134115636103e-06,1.5069507859050486,-0.22103537718634098,-0.7333142090557514,1.449506632233211,-0.4788625159466587
187,-0.16434853479187617,-0.1709405675625793,-0.17104141615919807,1.566477804121703,-0.8879880581940899,1.4105845738875857,-0.075323742686798,-0.6280593178079249
188,-0.1260922359548385,-0.13416074646229292,-0.13366704288661413,1.5766996153306234,-0.11059438463760708,-0.7286937375407874,0.9380502717446981,-0.17996195374469648
189,-0.17355838451190375,-0.17299996522714878,-0.17294065835816785,1.162114978357057,-1.2439913799735038,4.617191805272664,-0.5435379668356048,-1.2699766162729087
190,-0.17479817197421516,-0.15075506648671644,-0.150421072284669,1.191878487465384,-1.3757191600254048,0.7267547896729009,0.6558862476457072,-0.8266683918877026
191,-0.16328585982418067,-0.1393858297930601,-0.13955130219949372,1.20691056277262,-1.0778069910475292,0.8699894066367876,-0.11965601691742489,-0.29291122432669825
192,-0.16098339739417378,-0.19863180723410448,-0.19869913068169553,1.177147053664293,-0.2571504434025281,-0.4329835605830857,0.26534434822473224,0.4143767521082252
193,-0.16647388472726715,-0.19694684550854763,-0.1965794407274882,1.221641996573711,-0.6396315008544939,0.28318952423634813,-2.6344224416142135,-1.7952341395404872
194,-0.12680068593330218,-0.16334972988986865,-0.16312225449027942,1.236674071880947,0.3947715893486428,-0.5808386490619364,-0.27272954576700087,0.38251387235850104
195,-0.16098339739417378,-0.1577161709892695,-0.15762801812897398,1.310331240886403,-0.8863201799516861,1.3874822163127656,0.5255239248568923,1.5581290134560462
196,-0.17231859704959235,-0.18496489546014336,-0.1849804972980656,1.325363316193639,-1.1072382271252144,-0.4237426175531574,-0.14345736086910663,-0.421937550517015
197,-0.15921227244801464,-0.13458624184753454,-0.13480319670206928,1.355126825301966,-0.9914085406182813,1.5399577763065804,0.8504758611743717,-0.09101231330593637
198,-0.1305200483202364,-0.17027679476160235,-0.1701765826578815,1.2514055056820383,0.4328046660951063,-0.38677884543344476,0.970027649878257,-0.058701800005226554
199,-0.1484084102764438,-0.14587037946414252,-0.14558817918907624,1.2562157697803538,-0.5995468095422465,-0.6917299654210747,1.0468823711878998,1.482160745995889
200,-0.135479198169482,-0.14421945736940503,-0.14460464305032403,1.2664375809892743,-0.22660038711449326,0.5465564005893013,0.46965435794740557,0.6430689580844079
201,-0.16895345965188996,-0.16632819758656003,-0.1662085230636053,1.2811690147903654,-1.1048693748198988,-0.031002538781209798,0.47274308197166937,-0.12816050486248642
202,-0.1035989491386173,-0.1127327988615245,-0.11211403543223382,1.2859792788886808,0.15363617776911842,-0.7471756236006437,-0.03326258906225884,1.5557074777404696
203,-0.00937510200295048,0.1019211130851723,0.1019576924230746,1.2955998070853119,-0.12036065050883545,0.015202176368430975,0.13934257699958755,-0.8906692033281186
204,-0.14203236047027087,-0.14040701871764003,-0.14038222066154302,1.3848903344102932,-0.46862991405664456,0.223123394541815,1.4396045463907163,-0.20533145041746284
205,-0.17302704702805602,-0.17087248830094062,-0.17080401088432684,1.4026281832728316,-1.2340664486738682,-0.37753790240351665,-0.12746867180232402,-1.327500224162306
206,-0.16558832225418757,-0.2037037122261847,-0.20354898129692195,1.407438447371147,-0.42233149039287776,-1.1583975884324476,0.9918304076965957,-0.06265499750972031
207,-0.16682810971649897,-0.2069715167848404,-0.20680482506658443,1.4098435794203048,-0.41802932421346056,-0.6686276078462542,0.19612059215150926,0.4566538533875218
208,-0.17072458459804912,-0.19698088513936696,-0.1969016336005277,1.4122487114694624,-0.8869874198706136,0.1260934927275691,0.0378689083200675,-0.4821199938357641
209,-0.09102396202088733,0.051899875596166434,0.05069511057052411,1.4176602585800675,-0.6977438201777479,-0.09568913999070713,0.9927388559390308,0.6503605311077028
210,-0.013980026862964273,-0.005473922149814767,-0.0055190670150547395,1.4474237676883945,0.4972858961165842,-0.33595365876883976,-0.28154149371858117,0.42196494977373966
211,0.34732946215350247,0.3420536887001378,0.3430088340155341,1.4771872767967216,1.111205230832146,-0.5115315763374751,-0.2629183047487523,-1.2454053095464808
212,-0.17780908438268572,-0.19902326298852677,-0.19875000324059652,1.581209237922794,-1.297171363509883,4.617191805272664,-0.46495719386535084,-0.920175265466022
213,-0.16257740984571703,-0.20164431456161522,-0.20139537630344728,1.5890259170825567,-0.28161626137033513,-1.1583975884324476,0.11790319847822023,0.05679844249986601
214,14.532623380931371,14.47079815380251,14.47198027774076,1.5956400302177405,1.4254223741396153,-0.11417102605056353,-0.35803283573125255,0.8689728924237243
215,0.12611595637822454,0.5084223843296146,0.507361114304955,1.6254035393260677,-0.3886403152181604,0.005961233338502852,-0.40790664424069734,1.1419916062981774
216,0.3800952736574468,0.11820907643222182,0.11879650941929777,1.6581734634958418,3.070203561628319,-0.5900795920918647,-1.9517235874275067,-0.2892115060619196
217,0.09246458240120069,0.10731639457003614,0.10648535016526149,1.687936972604169,0.7423196884378256,0.29705093878124045,0.6102821458756867,0.1618898566506981
218,-0.1508879852010666,-0.1963341321537997,-0.19618941777591403,1.7474639908208232,0.27025032279961414,-0.6547661933013619,0.8557448609804706,-0.4823087549717222
219,-0.16186895986725336,-0.19813823258722418,-0.19835998028902238,1.7772274999291504,-0.3209592189372287,-0.7795189242053924,1.3397660845475743,-0.23165553912064504
220,-0.1576182599964714,-0.16450707733772588,-0.16468234629657602,1.7026684064052602,-0.6986071843603884,1.054808267235351,-0.508653554326268,-1.3670699514344318
221,-0.12556089847099078,-0.17397009470549968,-0.17404289713435567,1.7177004817124961,0.745955822012054,-1.1583975884324476,0.14651931811478341,0.08316028343023985
222,-0.12538378597637484,-0.17276168781141346,-0.17260150796549467,1.8069910090374774,0.707625553429438,-0.7379346805707154,0.45811706526853296,-0.2849347180386418
223,0.03879949653257842,0.04762790192834048,0.04782928975243578,-1.6509875946390709,0.6586834787253014,0.8653689351218233,-0.20686704819077348,0.43934176063250946
